{"cameraMode":{"drawMode":0,"name":"Shaded","section":"Shading Mode"},"sceneLighting":true,"audioPlay":false,"sceneViewState":{"m_AlwaysRefresh":false,"showFog":true,"showSkybox":true,"showFlares":true,"showImageEffects":true,"showParticleSystems":true,"showVisualEffectGraphs":true,"m_FxEnabled":true},"in2DMode":false,"pivot":{"x":1.6590557098388672,"y":1.673432469367981,"z":16.013519287109376},"rotation":{"x":-0.14909687638282777,"y":0.16588827967643739,"z":-0.025329217314720155,"w":-0.9745352864265442},"size":0.8660253882408142,"orthographic":false}