{"cameraMode":{"drawMode":0,"name":"Shaded","section":"Shading Mode"},"sceneLighting":true,"audioPlay":false,"sceneViewState":{"m_AlwaysRefresh":false,"showFog":true,"showSkybox":true,"showFlares":true,"showImageEffects":true,"showParticleSystems":true,"showVisualEffectGraphs":true,"m_FxEnabled":true},"in2DMode":false,"pivot":{"x":-0.7816373109817505,"y":2.043769359588623,"z":5.9984869956970219},"rotation":{"x":-0.02730296552181244,"y":-0.012894852086901665,"z":0.0003698403888847679,"w":-0.9996030330657959},"size":0.8660253882408142,"orthographic":false}